name,handedness,height,weight,avg,HR
Adolfo Phillips,R,73,175,0.247,59
Al Bumbry,L,68,170,0.281,54
Al Cowens,R,73,197,0.27,108
Al Downing,R,71,175,0.127,2
Al Ferrara,R,73,200,0.259,51
Al Gallagher,R,72,180,0.263,11
Al Jones,R,76,210,0.0,0
Al Lachowicz,R,75,198,0.0,0
Al Luplow,L,70,175,0.235,33
Al Oliver,L,72,195,0.303,219
Al Weis,B,72,160,0.21899999999999997,7
Al Woods,L,75,190,0.271,35
Alan Ashby,B,74,185,0.245,90
Alan Bannister,R,71,170,0.27,19
Alan Knicely,R,72,190,0.213,12
Alan Wiggins,B,74,160,0.259,5
Alan Wirth,R,76,190,0.0,0
Albert Hall,B,71,155,0.251,5
Albert Williams,R,76,190,0.0,0
Alex Johnson,R,72,205,0.28800000000000003,78
Alex Sanchez,R,74,185,0.0,0
Alex Trevino,R,70,165,0.249,23
Alfredo Martinez,R,75,185,0.0,0
Allan Ramirez,R,70,180,0.0,0
Amos Otis,R,71,165,0.27699999999999997,193
Andre Robertson,R,70,155,0.251,5
Andre Thornton,R,75,200,0.254,253
Andres Mora,R,72,180,0.223,27
Andres Thomas,R,73,170,0.23399999999999999,42
Andy Beene,R,75,205,0.0,0
Andy Etchebarren,R,73,190,0.235,49
Andy Kosco,R,75,205,0.23600000000000002,73
Andy Messersmith,R,73,200,0.17,5
Andy Replogle,R,77,205,0.0,0
Angel Mangual,R,70,178,0.245,22
Angel Moreno,L,69,165,0.0,0
Angel Salazar,R,72,180,0.212,2
Art Howe,R,74,190,0.26,43
Art Shamsky,L,73,168,0.253,68
Aurelio Rodriguez,R,70,180,0.237,124
Bake McBride,L,74,190,0.299,63
Barbaro Garbey,R,70,170,0.267,11
Barry Bonnell,R,75,190,0.272,56
Barry Cort,R,77,210,0.0,0
Barry Evans,R,73,180,0.251,2
Barry Foote,R,75,205,0.23,57
Barry Raziano,B,70,175,0.0,0
Ben Callahan,R,79,230,0.0,0
Ben Oglivie,L,74,160,0.273,235
Benny Ayala,R,73,185,0.251,38
Bernie Allen,L,72,175,0.239,73
Bernie Carbo,L,71,173,0.264,96
Bert Bradley,B,73,190,0.0,0
Bert Campaneris,R,70,160,0.259,79
Biff Pocoroba,B,70,175,0.257,21
Bill Almon,R,75,180,0.254,36
Bill Buckner,L,72,185,0.289,174
Bill Castro,R,71,170,0.0,0
Bill Fahey,L,72,200,0.24100000000000002,7
Bill Freehan,R,75,203,0.262,200
Bill Fulton,R,75,195,0.0,0
Bill Madlock,R,71,180,0.305,163
Bill Melton,R,74,200,0.253,160
Bill Mooneyham,R,72,175,0.0,0
Bill Moran,R,76,210,0.0,0
Bill Nahorodny,R,74,200,0.24100000000000002,25
Bill Paschall,R,72,175,0.0,0
Bill Plummer,R,73,190,0.188,14
Bill Robinson,R,74,189,0.258,166
Bill Russell,R,72,175,0.263,46
Bill Sample,R,69,175,0.272,46
Bill Schroeder,R,74,200,0.24,61
Bill Sharp,L,70,178,0.255,9
Bill Stein,R,70,170,0.267,44
Bill Sudakis,B,73,190,0.23399999999999999,59
Bill Voss,L,74,160,0.22699999999999998,19
Bill Wilkinson,R,70,160,0.0,0
Billy Bryan,L,76,200,0.21600000000000003,41
Billy Conigliaro,R,72,180,0.256,40
Billy Cowan,R,72,170,0.23600000000000002,40
Billy Grabarkewitz,R,70,165,0.23600000000000002,28
Billy North,B,71,185,0.261,20
Billy Smith,B,74,185,0.23,17
Bo Diaz,R,71,185,0.255,87
Bob Babcock,R,77,210,0.0,0
Bob Bailey,R,73,180,0.257,189
Bob Bailor,R,71,170,0.264,9
Bob Barton,R,72,175,0.226,9
Bob Boone,R,74,195,0.254,105
Bob Brenly,R,74,210,0.247,91
Bob Brower,R,71,185,0.242,17
Bob Burda,L,71,174,0.22399999999999998,13
Bob Chance,L,74,196,0.261,24
Bob Coluccio,R,71,183,0.22,26
Bob Davidson,R,72,185,0.0,0
Bob Davis,R,72,180,0.19699999999999998,6
Bob Dernier,R,72,160,0.255,23
Bob Didier,B,72,190,0.22899999999999998,0
Bob Fallon,L,75,200,0.0,0
Bob Ferris,R,78,225,0.0,0
Bob Forsch,R,76,200,0.213,12
Bob Galasso,L,73,205,0.0,0
Bob Heise,R,72,175,0.247,1
Bob Horner,R,73,195,0.27699999999999997,218
Bob Johnson,R,70,175,0.272,44
Bob Jones,L,74,195,0.221,20
Bob Kammeyer,R,76,210,0.0,0
Bob Kearney,R,72,190,0.233,27
Bob Knepper,L,75,195,0.13699999999999998,6
Bob Meacham,B,73,175,0.23600000000000002,8
Bob Molinaro,L,72,190,0.264,14
Bob Montgomery,R,73,195,0.258,23
Bob Oliver,R,75,205,0.256,94
Bob Randall,R,74,175,0.257,1
Bob Robertson,R,73,195,0.242,115
Bob Stinson,B,71,180,0.25,33
Bob Tillman,R,76,205,0.23199999999999998,79
Bob Uecker,R,73,190,0.2,14
Bob Veale,B,78,212,0.114,0
Bob Veselic,R,72,175,0.0,0
Bob Watson,R,72,201,0.295,184
Bobby Bonds,R,73,190,0.268,332
Bobby Brown,B,74,190,0.245,26
Bobby Clark,R,72,190,0.239,19
Bobby Cox,R,71,180,0.225,9
Bobby Cuellar,R,71,188,0.0,0
Bobby Darwin,R,74,190,0.251,83
Bobby Grich,R,74,180,0.266,224
Bobby Klaus,R,70,170,0.20800000000000002,6
Bobby Knoop,R,73,170,0.23600000000000002,56
Bobby Mitchell,R,75,185,0.235,21
Bobby Murcer,L,71,160,0.27699999999999997,252
Bobby Tolan,L,71,170,0.265,86
Bobby Valentine,R,70,189,0.26,12
Bobby Wine,R,73,187,0.215,30
Bombo Rivera,R,70,187,0.265,10
Boog Powell,L,76,230,0.266,339
Boots Day,L,69,160,0.256,8
Brad Wellman,R,72,170,0.231,6
Brant Alyea,R,75,215,0.247,38
Brian Allard,R,73,175,0.0,0
Brian Asselstine,L,73,175,0.254,12
Brian Denman,R,76,205,0.0,0
Brian Dubois,L,70,165,0.0,0
Brian Giles,R,73,165,0.228,10
Brian Snyder,L,75,185,0.0,0
Britt Burns,L,77,215,0.0,0
Brock Davis,L,70,160,0.26,1
Broderick Perkins,L,70,180,0.271,8
Bruce Benedict,R,73,175,0.242,18
Bruce Bochte,L,75,195,0.282,100
Bruce Bochy,R,75,205,0.239,26
Bruce Boisclair,L,74,185,0.263,10
Bruce Ellingsen,L,72,180,0.0,0
Bruce Miller,R,73,185,0.24600000000000002,1
Bruce Robbins,L,73,190,0.0,0
Bruce Tanner,L,75,220,0.0,0
Bruce Taylor,R,72,178,0.0,0
Bryan Clutterbuck,R,76,223,0.0,0
Bryan Kelly,R,74,195,0.0,0
Bryan Little,B,70,160,0.245,3
Bryan Oelkers,L,75,192,0.0,0
Bubba Morton,R,70,175,0.267,14
Buck Martinez,R,70,190,0.225,58
Buck Rodgers,B,74,190,0.23199999999999998,31
Bucky Dent,R,69,170,0.247,40
Bud Anderson,R,75,210,0.0,0
Bud Harrelson,B,71,160,0.23600000000000002,7
Buddy Bell,R,73,180,0.27899999999999997,201
Buddy Biancalana,B,71,160,0.205,6
Buddy Bradford,R,71,170,0.226,52
Bump Wills,B,69,172,0.266,36
Burt Hooton,R,73,210,0.12300000000000001,4
Butch Edge,R,75,203,0.0,0
Butch Hobson,R,73,193,0.248,98
Butch Wynegar,B,73,190,0.255,65
Byron Browne,R,74,190,0.23600000000000002,30
Byron McLaughlin,R,73,175,0.0,0
Cap Peterson,R,74,195,0.23,19
Cardell Camper,R,75,208,0.0,0
Carl Morton,R,72,200,0.156,7
Carl Taylor,R,74,200,0.266,10
Carl Warwick,R,70,170,0.248,31
Carl Yastrzemski,L,71,175,0.285,452
Carlos May,L,71,200,0.27399999999999997,90
Carlos Velazquez,R,71,180,0.0,0
Carmen Fanzone,R,72,200,0.22399999999999998,20
Catfish Hunter,R,72,190,0.226,6
Cecil Cooper,L,74,165,0.298,241
Cesar Cedeno,R,74,175,0.285,199
Cesar Geronimo,L,72,165,0.258,51
Cesar Gutierrez,R,69,155,0.235,0
Cesar Tovar,R,69,155,0.278,46
Champ Summers,L,74,205,0.255,54
Charley Smith,R,73,170,0.239,69
Charlie James,R,73,195,0.255,29
Charlie Mitchell,R,75,170,0.0,0
Charlie Moore,R,71,180,0.261,36
Charlie Spikes,R,75,215,0.24600000000000002,65
Chet Lemon,R,72,190,0.273,215
Chico Escarrega,R,71,185,0.0,0
Chico Ruiz,B,72,169,0.24,2
Chico Salmon,R,70,160,0.249,31
Chris Bando,B,72,195,0.22699999999999998,27
Chris Batton,R,76,195,0.0,0
Chris Brown,R,72,185,0.26899999999999996,38
Chris Cannizzaro,R,72,190,0.235,18
Chris Chambliss,L,73,195,0.27899999999999997,185
Chris Knapp,R,77,195,0.0,0
Chris Speier,R,73,175,0.24600000000000002,112
Chuck Harrison,R,70,185,0.23800000000000002,17
Chuck Hiller,L,71,170,0.243,20
Chuck Hinton,R,73,180,0.264,113
Chuck Hockenbery,B,73,195,0.0,0
Chuck Porter,R,75,187,0.0,0
Chuck Schilling,R,70,160,0.239,23
Cito Gaston,R,75,190,0.256,91
Claudell Washington,L,72,190,0.278,164
Clay Christiansen,R,77,205,0.0,0
Clay Dalrymple,L,72,190,0.233,55
Cleon Jones,R,72,185,0.281,93
Cliff Johnson,R,76,215,0.258,196
Clint Hurdle,L,75,195,0.259,32
Clint Zavaras,R,73,175,0.0,0
Coco Laboy,R,70,165,0.233,28
Colby Ward,R,74,185,0.0,0
Cookie Rojas,R,70,160,0.263,54
Craig Chamberlain,R,73,190,0.0,0
Craig Eaton,R,71,175,0.0,0
Craig Kusick,R,75,210,0.235,46
Craig Mitchell,R,75,180,0.0,0
Craig Reynolds,L,73,175,0.256,42
Craig Robinson,R,70,165,0.21899999999999997,0
Curt Blefary,L,74,195,0.237,112
Curt Ford,L,70,150,0.245,7
Curt Kaufman,R,74,175,0.0,0
Curt Motton,R,68,164,0.213,25
Curt Wardle,L,77,220,0.0,0
Dal Maxvill,R,71,157,0.217,6
Dale Berra,R,72,180,0.23600000000000002,49
Dalton Jones,L,73,180,0.235,41
Damaso Garcia,R,73,165,0.28300000000000003,36
Dan Briggs,L,72,180,0.195,12
Dan Driessen,L,71,187,0.267,153
Dan Ford,R,73,185,0.27,121
Dan Meyer,L,71,180,0.253,86
Dan Morogiello,L,73,200,0.0,0
Dane Iorg,L,72,180,0.276,14
Danny Ainge,R,76,175,0.22,2
Danny Cater,R,72,170,0.276,66
Danny Fife,R,75,175,0.0,0
Danny Goodwin,L,73,195,0.23600000000000002,13
Danny Thompson,R,72,183,0.248,15
Danny Walton,R,72,195,0.223,28
Darrel Chaney,B,74,188,0.217,14
Darrell Brown,B,72,184,0.27399999999999997,1
Darrell Evans,L,74,200,0.248,414
Darrell Porter,L,72,193,0.247,188
Darryl Motley,R,69,196,0.243,44
Daryl Sconiers,L,74,185,0.265,15
Daryl Smith,R,76,185,0.0,0
Dave Campbell,R,73,180,0.213,20
Dave Cash,R,71,170,0.28300000000000003,21
Dave Chalk,R,70,175,0.252,15
Dave Collins,B,71,175,0.272,32
Dave Concepcion,R,74,155,0.267,101
Dave Duncan,R,74,190,0.214,109
Dave Edwards,R,72,170,0.237,14
Dave Engle,R,75,210,0.262,31
Dave Ford,R,76,190,0.0,0
Dave Frost,R,78,235,0.0,0
Dave Hilton,R,71,191,0.213,6
Dave Hostetler,R,76,215,0.22899999999999998,37
Dave Johnson,R,73,183,0.0,0
Dave Kingman,R,78,210,0.23600000000000002,442
Dave Lemanczyk,R,76,235,0.0,0
Dave Marshall,L,73,182,0.24600000000000002,16
Dave May,L,70,186,0.251,96
Dave McKay,B,73,195,0.22899999999999998,21
Dave McNally,R,71,185,0.133,9
Dave Nelson,R,70,160,0.244,20
Dave Nicholson,R,74,215,0.212,61
Dave Rader,L,71,165,0.257,30
Dave Rajsich,L,77,175,0.0,0
Dave Revering,L,76,210,0.265,62
Dave Roberts,R,75,215,0.239,49
Dave Rosello,R,71,160,0.23600000000000002,10
Dave Skaggs,R,74,200,0.24100000000000002,3
Dave Smith,R,73,190,0.0,0
Dave Stapleton,R,73,178,0.271,41
Davey Johnson,R,73,170,0.261,136
Davey Lopes,R,69,170,0.263,155
David Green,R,75,170,0.268,31
De Wayne Buice,R,72,170,0.0,0
De Wayne Vaughn,R,71,180,0.0,0
Dean Chance,R,75,200,0.066,0
Del Unser,L,73,180,0.258,87
Denis Menke,R,72,185,0.25,101
Dennis Burtt,R,72,180,0.0,0
Dennis DeBarr,L,74,190,0.0,0
Denny Doyle,L,69,175,0.25,16
Denny Lemaster,R,73,182,0.13,4
Denny McLain,R,73,185,0.133,1
Deron Johnson,R,74,200,0.244,245
Derrel Thomas,B,72,160,0.249,43
Dewey Robinson,R,72,180,0.0,0
Dick Allen,R,71,187,0.292,351
Dick Bertell,R,72,200,0.25,10
Dick Billings,R,73,195,0.22699999999999998,16
Dick Davis,R,75,190,0.265,27
Dick Dietz,R,73,195,0.261,66
Dick Green,R,70,180,0.24,80
Dick Howser,R,68,155,0.248,16
Dick McAuliffe,L,71,176,0.247,197
Dick Nen,L,74,200,0.22399999999999998,21
Dick Phillips,L,72,180,0.22899999999999998,12
Dick Ruthven,R,75,190,0.183,1
Dick Simpson,R,76,176,0.207,15
Dick Tracewski,R,71,160,0.213,8
Doc Edwards,R,74,215,0.23800000000000002,15
Domingo Ramos,R,70,154,0.24,8
Don Baylor,R,73,190,0.26,338
Don Buford,B,67,160,0.264,93
Don Cooper,R,73,185,0.0,0
Don Gordon,R,73,175,0.0,0
Don Hahn,R,73,180,0.23600000000000002,7
Don Kainer,R,75,205,0.0,0
Don Kessinger,B,73,170,0.252,14
Don Leppert,R,74,220,0.22899999999999998,15
Don Lock,R,74,195,0.23800000000000002,122
Don Mason,L,71,160,0.205,3
Don Mincher,L,75,205,0.249,200
Don Money,R,73,170,0.261,176
Don Sutton,R,73,185,0.14400000000000002,0
Don Welchel,R,76,205,0.0,0
Don Wert,R,70,162,0.242,77
Don Wilson,R,74,195,0.146,1
Donn Clendenon,R,76,209,0.27399999999999997,159
Doug Ault,R,75,200,0.23600000000000002,17
Doug Camilli,R,71,195,0.19899999999999998,18
Doug Clemens,L,72,180,0.22899999999999998,12
Doug DeCinces,R,74,190,0.259,237
Doug Flynn,R,71,165,0.23800000000000002,7
Doug Frobel,L,76,196,0.201,20
Doug Griffin,R,72,160,0.245,7
Doug Rader,R,74,208,0.251,155
Duane Josephson,R,72,190,0.258,23
Duane Kuiper,L,72,175,0.271,1
Duane Walker,L,72,185,0.22899999999999998,24
Duffy Dyer,R,72,187,0.221,30
Duke Sims,L,74,197,0.239,100
Dusty Baker,R,74,183,0.278,242
Dwayne Murphy,L,73,185,0.24600000000000002,166
Earl Williams,R,75,215,0.247,138
Ed Brinkman,R,72,170,0.22399999999999998,60
Ed Charles,R,70,170,0.263,86
Ed Crosby,L,74,175,0.22,0
Ed Goodson,L,75,180,0.26,30
Ed Herrmann,L,73,195,0.24,80
Ed Hodge,L,74,192,0.0,0
Ed Kirkpatrick,L,71,195,0.23800000000000002,85
Ed Kranepool,L,75,205,0.261,118
Ed Ott,L,70,190,0.259,33
Ed Romero,R,71,160,0.247,8
Ed Spiezio,R,71,180,0.23800000000000002,39
Ed Stroud,L,71,180,0.237,14
Eddie Leon,R,72,170,0.23600000000000002,24
Eddie Milner,L,71,173,0.253,42
Elio Chacon,R,69,160,0.23199999999999998,4
Ellie Hendricks,L,73,175,0.22,62
Ellie Rodriguez,R,71,185,0.245,16
Elliott Maddox,R,71,180,0.261,18
Ellis Valentine,R,76,205,0.278,123
Enos Cabell,R,76,170,0.27699999999999997,60
Enzo Hernandez,R,68,155,0.22399999999999998,2
Eric Hetzel,R,75,175,0.0,0
Eric Soderholm,R,71,187,0.264,102
Eric Wilkins,R,73,190,0.0,0
Felix Millan,R,71,172,0.27899999999999997,22
Felix Torres,R,71,165,0.254,27
Fergie Jenkins,R,77,205,0.165,13
Fernando Arroyo,R,74,180,0.0,0
Fernando Gonzalez,R,70,165,0.235,17
Floyd Rayford,R,70,190,0.244,38
Floyd Robinson,L,69,175,0.28300000000000003,67
Fran Healy,R,77,220,0.25,20
Francisco Barrios,R,71,155,0.0,0
Frank Dimichele,R,75,205,0.0,0
Frank Duffy,R,73,180,0.23199999999999998,26
Frank Eufemia,R,71,185,0.0,0
Frank Fernandez,R,72,185,0.19899999999999998,39
Frank Quilici,R,73,170,0.214,5
Frank Taveras,R,72,155,0.255,2
Frank Tepedino,L,71,185,0.24100000000000002,6
Frank White,R,71,165,0.255,160
Fred Howard,R,75,190,0.0,0
Fred Kendall,R,73,185,0.23399999999999999,31
Fred Lynn,L,73,185,0.28300000000000003,306
Fred Norman,B,68,155,0.125,0
Fred Stanley,R,70,165,0.21600000000000003,10
Fred Whitfield,L,73,190,0.253,108
Freddie Patek,R,65,148,0.242,41
Fritz Peterson,B,72,185,0.159,2
Gail Hopkins,L,70,198,0.266,25
Garry Hancock,L,72,175,0.247,12
Garry Maddox,R,75,175,0.285,117
Garth Iorg,R,71,170,0.258,20
Gary Alexander,R,74,195,0.23,55
Gary Allenson,R,71,185,0.221,19
Gary Beare,R,76,205,0.0,0
Gary Christenson,L,77,200,0.0,0
Gary Gray,R,72,187,0.24,24
Gary Ignasiak,R,71,185,0.0,0
Gary Lance,B,75,195,0.0,0
Gary Matthews,R,74,185,0.281,234
Gary Mielke,R,75,185,0.0,0
Gary Nolan,R,74,197,0.138,1
Gary Roenicke,R,75,205,0.247,121
Gary Sutherland,R,72,185,0.243,24
Gary Thomasson,L,73,180,0.249,61
Gary Ward,R,74,195,0.276,130
Gary Wheelock,R,75,205,0.0,0
Gary Woods,R,74,185,0.243,13
Gates Brown,L,71,220,0.257,84
Gaylord Perry,R,76,205,0.131,6
Gene Alley,R,70,160,0.254,55
Gene Clines,R,69,170,0.27699999999999997,5
Gene Locklear,L,70,165,0.27399999999999997,9
Gene Michael,B,74,183,0.22899999999999998,15
Gene Richards,L,72,175,0.29,26
Gene Tenace,R,72,190,0.24100000000000002,201
George Foster,R,73,180,0.27399999999999997,348
George Hendrick,R,75,195,0.278,267
George Mitterwald,R,74,195,0.23600000000000002,76
George Scott,R,74,200,0.268,271
George Smith,R,70,170,0.205,9
George Vukovich,L,72,198,0.268,27
George Wright,B,71,180,0.245,42
Gil Garrido,R,69,150,0.237,1
Gil Patterson,R,73,185,0.0,0
Glen Cook,R,71,180,0.0,0
Glenn Adams,L,73,180,0.28,34
Glenn Beckert,R,73,190,0.28300000000000003,22
Glenn Borgmann,R,76,210,0.22899999999999998,16
Glenn Burke,R,72,195,0.237,2
Glenn Hoffman,R,73,175,0.242,23
Glenn Hubbard,R,69,150,0.244,70
Gorman Heimueller,L,76,195,0.0,0
Gorman Thomas,R,74,210,0.225,268
Graig Nettles,L,72,180,0.248,390
Greg Erardi,R,73,190,0.0,0
Greg Gross,L,70,160,0.287,7
Greg Luzinski,R,73,220,0.276,307
Greg Pryor,R,72,180,0.25,14
Greg Thayer,R,71,182,0.0,0
Greg Walker,L,75,205,0.26,113
Hal Breeden,R,74,200,0.243,21
Hal King,L,73,200,0.214,24
Hal Lanier,R,74,180,0.228,8
Hal McRae,R,71,180,0.29,191
Hank Allen,R,72,190,0.24100000000000002,6
Harry Spilman,L,73,180,0.237,18
Hector Cruz,R,71,170,0.225,39
Hector Torres,R,72,175,0.21600000000000003,18
Horace Clarke,B,69,170,0.256,27
Hosken Powell,L,73,175,0.259,17
Howard Bailey,R,72,195,0.0,0
Howie Goss,R,76,204,0.21600000000000003,11
Ike Brookens,R,77,170,0.0,0
Ike Brown,R,72,190,0.256,20
Israel Sanchez,L,69,170,0.0,0
Ivan DeJesus,R,71,175,0.254,21
Ivan Murrell,R,74,195,0.23600000000000002,33
J.R. Richard,R,80,222,0.168,10
Jack Billingham,R,76,195,0.111,0
Jack Brohamer,L,70,165,0.245,30
Jack Hardy,R,74,175,0.0,0
Jack Heidemann,R,72,175,0.21100000000000002,9
Jack Hiatt,R,74,190,0.251,22
Jack Lazorko,R,71,200,0.0,0
Jack Perconte,L,70,160,0.27,2
Jackie Gutierrez,R,71,175,0.237,4
Jackie Hernandez,R,71,165,0.20800000000000002,12
Jaime Cocanower,R,76,200,0.0,0
Jake Gibbs,L,72,180,0.233,25
Jake Wood,R,73,163,0.25,35
Jason Thompson,L,76,200,0.261,208
Jay Johnstone,L,73,175,0.267,102
Jay Pettibone,R,76,182,0.0,0
Jeff Barkley,B,75,185,0.0,0
Jeff Bettendorf,R,75,180,0.0,0
Jeff Burroughs,R,73,200,0.261,240
Jeff Byrd,R,75,195,0.0,0
Jeff Holly,L,77,210,0.0,0
Jeff Jones,R,75,210,0.0,0
Jeff Newman,R,74,215,0.22399999999999998,63
Jeff Peterek,R,74,195,0.0,0
Jeff Richardson,R,75,185,0.0,0
Jeff Rineer,L,76,205,0.0,0
Jeff Schattinger,L,77,200,0.0,0
Jeff Schneider,B,75,195,0.0,0
Jeff Sellers,R,73,175,0.0,0
Jeff Shaver,R,75,195,0.0,0
Jeff Stone,L,72,175,0.27699999999999997,11
Jeff Torborg,R,72,195,0.214,8
Jeff Twitty,L,74,185,0.0,0
Jeffrey Leonard,R,74,200,0.266,144
Jerry Augustine,L,72,183,0.0,0
Jerry Buchek,R,71,185,0.22,22
Jerry Dybzinski,R,74,180,0.23399999999999999,3
Jerry Garvin,L,75,195,0.0,0
Jerry Grote,R,70,185,0.252,39
Jerry Hairston,B,70,170,0.258,30
Jerry Kenney,L,73,170,0.237,7
Jerry Koosman,R,74,205,0.11900000000000001,2
Jerry Kutzler,L,73,175,0.0,0
Jerry Martin,R,73,195,0.251,85
Jerry May,R,74,190,0.23399999999999999,15
Jerry McNertney,R,72,180,0.237,27
Jerry Morales,R,70,155,0.259,95
Jerry Moses,R,75,210,0.251,25
Jerry Mumphrey,B,74,185,0.289,70
Jerry Narron,L,75,205,0.21100000000000002,21
Jerry Remy,L,69,165,0.275,7
Jerry Reuss,L,77,200,0.16699999999999998,1
Jerry Royster,R,72,165,0.249,40
Jerry Terrell,R,71,165,0.253,4
Jerry Turner,L,69,180,0.257,45
Jerry Ujdur,R,73,195,0.0,0
Jerry White,B,70,164,0.253,21
Jerry Zimmerman,R,74,185,0.204,3
Jesse Gonder,L,70,180,0.251,26
Jesus Alou,R,74,190,0.28,32
Jim Anderson,R,72,170,0.218,13
Jim Barr,R,75,205,0.162,1
Jim Beauchamp,R,74,190,0.231,14
Jim Burton,R,75,195,0.0,0
Jim Campbell,L,71,175,0.0,0
Jim Dorsey,R,79,190,0.0,0
Jim Dwyer,L,70,165,0.26,77
Jim Essian,R,74,195,0.244,33
Jim Fairey,L,70,190,0.235,7
Jim Farr,R,73,195,0.0,0
Jim Fregosi,R,73,190,0.265,151
Jim French,L,68,180,0.196,5
Jim Gideon,R,75,190,0.0,0
Jim Gosger,L,71,185,0.226,30
Jim Hickman,R,75,192,0.252,159
Jim Holt,L,72,180,0.265,19
Jim Lefebvre,B,72,180,0.251,74
Jim Lewis,R,75,190,0.0,0
Jim Lonborg,R,77,200,0.136,3
Jim Lyttle,L,72,180,0.248,9
Jim Maloney,L,74,190,0.201,7
Jim Mason,L,74,185,0.203,12
Jim Morrison,R,71,175,0.26,112
Jim Nettles,L,72,186,0.22,16
Jim Norris,L,70,175,0.264,7
Jim Northrup,L,75,190,0.267,153
Jim Pankovits,R,70,170,0.25,9
Jim Price,R,72,192,0.214,18
Jim Ray Hart,R,71,185,0.278,170
Jim Rice,R,74,200,0.298,382
Jim Rooker,R,72,195,0.201,7
Jim Siwy,R,76,200,0.0,0
Jim Spencer,L,74,195,0.25,146
Jim Sundberg,R,72,190,0.248,95
Jim Traber,L,72,194,0.22699999999999998,27
Jim Umbarger,L,78,200,0.0,0
Jim Wohlford,R,71,175,0.26,21
Jim Wright,R,77,205,0.0,0
Jimmie Hall,L,72,175,0.254,121
Jimmie Schaffer,R,69,170,0.223,11
Jimmy Stewart,B,72,165,0.237,8
Jimmy Wynn,R,70,160,0.25,291
Joaquin Andujar,B,72,170,0.127,5
Jody Davis,R,76,192,0.245,127
Joe Azcue,R,72,190,0.252,50
Joe Charboneau,R,74,205,0.266,29
Joe Ferguson,R,74,200,0.24,122
Joe Foy,R,72,215,0.248,58
Joe Gaines,R,73,190,0.24100000000000002,21
Joe Hague,L,72,195,0.239,40
Joe Horlen,R,72,170,0.134,0
Joe Keough,L,72,185,0.24600000000000002,9
Joe Lahoud,L,73,198,0.223,65
Joe Lefebvre,L,70,170,0.258,31
Joe Lis,R,72,175,0.233,32
Joe Lovitto,B,72,185,0.21600000000000003,4
Joe Morgan,L,67,160,0.271,268
Joe Niekro,R,73,185,0.156,1
Joe Nolan,L,71,175,0.263,27
Joe Nossek,R,72,178,0.228,3
Joe Pactwa,L,71,185,0.0,0
Joe Pepitone,L,74,185,0.258,219
Joe Rudi,R,74,200,0.264,179
Joe Simpson,L,75,175,0.242,9
Joe Skalski,R,75,190,0.0,0
Joe Strain,R,70,169,0.25,1
Joe Torre,R,74,212,0.297,252
Joe Wallis,B,71,180,0.244,16
Joel Davis,L,77,205,0.0,0
Joel McKeon,L,72,185,0.0,0
Joel Youngblood,R,72,180,0.265,80
John Bateman,R,75,210,0.23,81
John Boccabella,R,73,195,0.21899999999999997,26
John Bohnet,B,72,175,0.0,0
John Butcher,R,76,185,0.0,0
John Caneira,R,75,180,0.0,0
John Castino,R,71,175,0.278,41
John Denny,R,75,185,0.17,0
John Donaldson,L,71,160,0.23800000000000002,4
John Ellis,R,74,225,0.262,69
John Flinn,R,72,175,0.0,0
John Hale,L,74,195,0.201,14
John Hobbs,R,75,190,0.0,0
John Hoover,R,74,190,0.0,0
John Kennedy,R,72,185,0.225,32
John LaRose,L,73,185,0.0,0
John Leister,R,74,200,0.0,0
John Lowenstein,L,72,175,0.253,116
John Mayberry,L,75,215,0.253,255
John Milner,L,72,185,0.249,131
John Orsino,R,75,215,0.249,40
John Pawlowski,R,74,175,0.0,0
John Poloni,L,77,210,0.0,0
John Stearns,R,72,185,0.26,46
John Stephenson,L,71,180,0.21600000000000003,12
John Trautwein,R,75,205,0.0,0
John Vukovich,R,73,187,0.161,6
John Wathan,R,74,205,0.262,21
John Wockenfuss,R,72,190,0.262,86
Johnnie LeMaster,R,74,165,0.222,22
Johnny Bench,R,73,197,0.267,389
Johnny Briggs,L,73,190,0.253,139
Johnny Edwards,L,76,220,0.242,81
Johnny Grubb,L,75,175,0.278,99
Johnny Jeter,R,73,180,0.244,18
Johnny Lewis,L,73,189,0.22699999999999998,22
Johnny Oates,L,71,188,0.25,14
Johnny Ray,B,71,170,0.29,53
Jorge Orta,L,70,170,0.278,130
Jose Arcia,R,75,170,0.215,1
Jose Cardenal,R,70,150,0.275,138
Jose Cecena,R,71,180,0.0,0
Jose Cruz,L,72,170,0.284,165
Jose Morales,R,71,187,0.287,26
Jose Roman,R,72,175,0.0,0
Jose Tartabull,L,71,165,0.261,2
Juan Beniquez,R,71,150,0.27399999999999997,79
Juan Bonilla,R,69,170,0.256,7
Juan Marichal,R,72,185,0.165,4
Juan Nieves,L,75,175,0.0,0
Julian Javier,R,73,175,0.257,78
Julio Cruz,B,69,165,0.237,23
Julio Gonzalez,R,71,162,0.235,4
Julio Gotay,R,72,180,0.26,6
Junior Kennedy,R,71,175,0.248,4
Junior Moore,R,71,185,0.264,7
Karl Best,R,76,190,0.0,0
Keith Creel,R,74,180,0.0,0
Keith Hernandez,L,72,180,0.29600000000000004,162
Keith Macwhorter,R,76,190,0.0,0
Keith Moreland,R,72,190,0.27899999999999997,121
Ken Berry,R,72,175,0.255,58
Ken Boswell,L,72,170,0.248,31
Ken Gerhart,R,72,190,0.221,24
Ken Harrelson,R,74,190,0.239,131
Ken Henderson,B,74,180,0.257,122
Ken Holtzman,R,74,175,0.163,2
Ken Hubbs,R,74,175,0.247,14
Ken Landreaux,L,70,165,0.268,91
Ken McMullen,R,75,190,0.248,156
Ken Phelps,L,73,209,0.239,123
Ken Reitz,R,72,180,0.26,68
Ken Retzer,L,72,185,0.264,14
Ken Rudolph,R,73,180,0.213,6
Ken Singleton,B,76,210,0.282,246
Ken Suarez,R,69,175,0.22699999999999998,5
Ken Walters,R,73,180,0.231,11
Kevin Bearse,L,74,195,0.0,0
Kevin Bell,R,72,195,0.222,13
Kevin Mmahat,L,77,220,0.0,0
Kevin Stanfield,L,72,190,0.0,0
Kiko Garcia,R,71,180,0.239,12
Kurt Bevacqua,R,72,180,0.23600000000000002,27
Lafayette Currence,B,71,175,0.0,0
Lamar Johnson,R,74,215,0.287,64
Larry Anderson,R,75,190,0.0,0
Larry Biittner,L,74,205,0.273,29
Larry Bowa,B,70,155,0.26,15
Larry Brown,R,70,160,0.233,47
Larry Cox,R,70,178,0.221,12
Larry Dierker,R,76,215,0.136,4
Larry Haney,R,74,195,0.215,12
Larry Harlow,L,74,185,0.248,12
Larry Herndon,R,75,190,0.27399999999999997,107
Larry Hisle,R,74,193,0.273,166
Larry Lintz,B,69,150,0.22699999999999998,0
Larry Milbourne,B,72,161,0.254,11
Larry Monroe,R,76,200,0.0,0
Larry Parrish,R,75,190,0.263,256
Larry Pashnick,R,75,205,0.0,0
Larry Rothschild,L,74,180,0.0,0
Larry Stahl,L,72,175,0.23199999999999998,36
Larvell Blanks,R,68,167,0.253,20
Lee Lacy,R,73,175,0.28600000000000003,91
Lee May,R,75,195,0.267,354
Lee Mazzilli,B,73,180,0.259,93
Lee Thomas,L,74,195,0.255,106
Len Gabrielson,L,76,210,0.253,37
Len Matuszek,L,74,190,0.23399999999999999,30
Len Randle,B,70,169,0.257,27
Len Whitehouse,L,71,175,0.0,0
Lenn Sakata,R,69,160,0.23,25
Lenny Faedo,R,72,170,0.251,5
Leo Cardenas,R,71,150,0.257,118
Leon Durham,L,73,185,0.27699999999999997,147
Leon Hooten,R,71,180,0.0,0
Leon Roberts,R,75,200,0.267,78
Leron Lee,L,72,196,0.25,31
Leroy Stanton,R,73,195,0.244,77
Les Straker,R,73,193,0.0,0
Lou Brock,L,71,170,0.293,149
Lou Clinton,R,73,185,0.247,65
Lou Johnson,R,71,170,0.258,48
Lou Piniella,R,72,182,0.29100000000000004,102
Luis Aguayo,R,69,173,0.23600000000000002,37
Luis Alvarado,R,69,162,0.214,5
Luis Aponte,R,72,185,0.0,0
Luis Encarnacion,R,70,178,0.0,0
Luis Gomez,R,69,150,0.21,0
Luis Melendez,R,72,165,0.248,9
Luis Pujols,R,74,175,0.193,6
Luis Quintana,L,74,175,0.0,0
Luis Sanchez,R,74,170,0.0,0
Luis Tiant,R,72,180,0.16399999999999998,5
Lyman Bostock,L,73,180,0.311,23
Lynn Jones,R,69,175,0.252,7
Mack Jones,L,73,180,0.252,133
Manny Castillo,B,69,160,0.242,3
Manny Jimenez,L,73,185,0.272,26
Manny Mota,R,70,160,0.304,31
Manny Sanguillen,R,72,193,0.29600000000000004,65
Manny Trillo,R,73,150,0.263,61
Marc Hill,R,75,205,0.223,34
Mario Guerrero,R,70,155,0.257,7
Mario Mendoza,R,71,170,0.215,4
Mario Soto,R,72,174,0.132,1
Mark Belanger,R,73,170,0.228,20
Mark Brouhard,R,73,210,0.259,25
Mark Brown,B,74,190,0.0,0
Mark Ciardi,R,72,180,0.0,0
Mark Clear,R,76,200,0.0,0
Mark Esser,R,73,190,0.0,0
Mark Mercer,L,77,220,0.0,0
Mark Smith,R,74,215,0.0,0
Mark Souza,L,72,180,0.0,0
Mark Wagner,R,72,165,0.243,3
Marty Martinez,B,72,170,0.243,0
Marty Perez,R,71,160,0.24600000000000002,22
Marv Breeding,R,72,175,0.25,7
Marvell Wynne,L,71,175,0.247,40
Matt Williams,R,73,200,0.0,0
Matty Alou,L,69,160,0.307,31
Max Alvis,R,71,185,0.247,111
Mel Stottlemyre,R,73,178,0.16,7
Merritt Ranew,L,71,170,0.247,8
Merv Rettenmund,R,70,190,0.271,66
Mick Kelleher,R,69,176,0.213,0
Mickey Brantley,R,70,180,0.259,32
Mickey Hatcher,R,74,200,0.28,38
Mickey Klutts,R,71,170,0.24100000000000002,14
Mickey Lolich,B,73,170,0.11,0
Mickey Rivers,L,70,165,0.295,61
Mickey Stanley,R,73,185,0.248,117
Miguel Dilone,B,72,160,0.265,6
Mike Anderson,R,74,200,0.24600000000000002,28
Mike Andrews,R,75,195,0.258,66
Mike Bacsik,R,74,180,0.0,0
Mike Brown,R,74,195,0.265,23
Mike Brumley,L,70,195,0.22899999999999998,5
Mike Champion,R,72,185,0.22899999999999998,2
Mike Cubbage,L,72,180,0.258,34
Mike Darr,R,76,190,0.0,0
Mike Davis,L,74,175,0.259,91
Mike Diaz,R,74,195,0.247,31
Mike Easler,L,72,190,0.293,118
Mike Edwards,R,70,154,0.25,2
Mike Epstein,L,75,230,0.244,130
Mike Fiore,L,72,175,0.22699999999999998,13
Mike Fischlin,R,73,165,0.22,3
Mike Hargrove,L,72,195,0.29,80
Mike Hegan,L,73,188,0.242,53
Mike Hershberger,R,70,175,0.252,26
Mike Ivie,R,75,205,0.26899999999999996,81
Mike Jones,L,78,215,0.0,0
Mike Jorgensen,L,72,195,0.243,95
Mike Kinnunen,L,73,185,0.0,0
Mike Krukow,R,77,205,0.193,5
Mike Loynd,R,76,210,0.0,0
Mike Lum,L,72,180,0.247,90
Mike Overy,R,74,190,0.0,0
Mike Parrott,R,76,210,0.0,0
Mike Paxton,R,71,190,0.0,0
Mike Pazik,L,74,195,0.0,0
Mike Phillips,L,72,170,0.24,11
Mike Ramsey,B,73,170,0.24,2
Mike Richardt,R,72,170,0.226,4
Mike Rochford,L,76,205,0.0,0
Mike Ryan,R,74,205,0.193,28
Mike Sadek,R,69,165,0.226,5
Mike Schmidt,R,74,195,0.267,548
Mike Shannon,R,75,195,0.255,68
Mike Smith,R,75,180,0.0,0
Mike Smithson,L,80,215,0.0,0
Mike Squires,L,71,185,0.26,6
Mike Trujillo,R,73,180,0.0,0
Mike Tyson,R,69,170,0.24100000000000002,27
Mike Vail,R,73,180,0.27899999999999997,34
Mike Walters,R,77,203,0.0,0
Mike Warren,R,73,175,0.0,0
Mike Willis,L,74,205,0.0,0
Mike Young,B,74,195,0.247,72
Mike de la Hoz,R,71,175,0.251,25
Milt May,L,72,190,0.263,77
Mitchell Page,L,74,205,0.266,72
Narciso Elvira,L,70,160,0.0,0
Nardi Contreras,B,74,193,0.0,0
Nate Colbert,R,74,190,0.243,173
Nate Oliver,R,70,160,0.226,2
Ned Yost,R,73,190,0.212,16
Nelson Mathews,R,76,195,0.223,22
Nick Esasky,R,75,200,0.25,122
Norm Miller,L,70,185,0.23800000000000002,24
Ollie Brown,R,74,178,0.265,102
Omar Moreno,L,74,180,0.252,37
Onix Concepcion,R,66,160,0.239,3
Orlando Mercado,R,72,180,0.19899999999999998,7
Oscar Gamble,L,71,160,0.265,200
Oswaldo Peraza,R,76,172,0.0,0
Otto Velez,R,72,170,0.251,78
Ozzie Osborn,R,74,195,0.0,0
Ozzie Virgil,R,73,180,0.243,98
Pat Corrales,R,72,180,0.21600000000000003,4
Pat Kelly,L,73,185,0.264,76
Pat Putnam,L,72,205,0.255,63
Pat Underwood,L,72,175,0.0,0
Paul Blair,R,72,168,0.25,134
Paul Boris,R,74,200,0.0,0
Paul Casanova,R,76,180,0.225,50
Paul Dade,R,73,185,0.27,10
Paul Hartzell,R,77,200,0.0,0
Paul Householder,B,72,180,0.23600000000000002,29
Paul Mitchell,R,73,195,0.0,0
Paul Popovich,B,72,175,0.233,14
Paul Schaal,R,71,165,0.244,57
Paul Wilmet,R,71,170,0.0,0
Pedro Garcia,R,70,175,0.22,37
Pedro Gonzalez,R,72,176,0.244,8
Pepe Frias,R,70,159,0.24,1
Pepe Mangual,R,70,157,0.242,16
Pete Filson,B,74,195,0.0,0
Pete LaCock,L,74,200,0.257,27
Pete Mackanin,R,74,190,0.226,30
Pete Rose,B,71,192,0.303,160
Pete Ward,L,73,185,0.254,98
Phil Bradley,R,72,185,0.28600000000000003,78
Phil Gagliano,R,73,180,0.23800000000000002,14
Phil Garner,R,70,175,0.26,109
Phil Huffman,R,74,180,0.0,0
Phil Linz,R,73,180,0.235,11
Phil Mankowski,L,72,180,0.264,8
Phil Niekro,R,73,180,0.16899999999999998,7
Phil Roof,R,74,190,0.215,43
R.J. Reynolds,B,72,190,0.267,35
Rafael Landestoy,B,70,165,0.237,4
Rafael Santana,R,73,165,0.24600000000000002,13
Rafael Vasquez,R,72,160,0.0,0
Ralph Botting,L,72,195,0.0,0
Ralph Garr,L,71,185,0.306,75
Ramon Manon,R,72,150,0.0,0
Ramon Pena,R,70,155,0.0,0
Randy Hundley,R,71,170,0.23600000000000002,82
Randy Jones,R,72,178,0.132,0
Randy Nosek,R,76,215,0.0,0
Randy Scarbery,B,73,185,0.0,0
Randy Wiles,L,73,185,0.0,0
Ray Burris,R,77,200,0.151,1
Ray Chadwick,B,74,180,0.0,0
Ray Culp,R,72,200,0.12300000000000001,1
Ray Fosse,R,74,215,0.256,61
Ray Knight,R,73,185,0.271,84
Ray Oyler,R,71,165,0.175,15
Ray Sadecki,L,71,180,0.191,5
Ray Webster,L,72,185,0.244,17
Reggie Jackson,L,72,195,0.262,563
Reggie Ritter,L,74,195,0.0,0
Reggie Smith,B,72,180,0.287,314
Reid Nichols,R,71,165,0.266,22
Rennie Stennett,R,71,160,0.27399999999999997,41
Rey Quinones,R,71,160,0.243,29
Rich Barnes,R,76,186,0.0,0
Rich Chiles,L,71,170,0.254,6
Rich Coggins,L,68,170,0.265,12
Rich Dauer,R,72,180,0.257,43
Rich McKinney,R,71,185,0.225,20
Rich Morales,R,71,170,0.195,6
Rich Reese,L,75,185,0.253,52
Rich Rollins,R,70,185,0.26899999999999996,77
Rich Wortham,R,72,185,0.0,0
Rich Yett,R,74,187,0.0,0
Richie Hebner,L,73,195,0.276,203
Richie Scheinblum,B,73,180,0.263,13
Richie Zisk,R,73,200,0.287,207
Rick Anderson,R,74,210,0.0,0
Rick Auerbach,R,72,165,0.22,9
Rick Bosetti,R,71,185,0.25,17
Rick Burleson,R,70,165,0.273,50
Rick Henninger,R,78,225,0.0,0
Rick Jones,L,77,190,0.0,0
Rick Joseph,R,73,192,0.243,13
Rick Kreuger,R,74,185,0.0,0
Rick Leach,L,73,180,0.268,18
Rick Lysander,R,74,190,0.0,0
Rick Manning,L,73,180,0.257,56
Rick Miller,L,72,175,0.26899999999999996,28
Rick Monday,L,75,193,0.264,241
Rick Peters,B,69,170,0.27699999999999997,2
Rick Reichardt,R,75,210,0.261,116
Rick Renick,R,72,188,0.221,20
Rick Rhoden,R,75,195,0.23800000000000002,9
Rick Sofield,L,73,195,0.243,9
Rick Steirer,R,76,200,0.0,0
Rick Sweet,B,73,200,0.23399999999999999,6
Rick Wise,R,73,180,0.195,15
Rickey Keeton,R,74,190,0.0,0
Rico Carty,R,75,200,0.299,204
Rico Petrocelli,R,72,175,0.251,210
Rob Andrews,R,72,185,0.251,3
Rob Picciolo,R,74,185,0.23399999999999999,17
Rob Wilfong,L,73,180,0.248,39
Rob Woodward,R,75,185,0.0,0
Roberto Pena,R,68,170,0.245,13
Rod Carew,L,72,170,0.32799999999999996,92
Rod Gilbreath,R,74,180,0.248,14
Rod Kanehl,R,73,180,0.24100000000000002,6
Rodney Scott,B,72,160,0.23600000000000002,3
Roger Freed,R,72,190,0.245,22
Roger Metzger,B,72,165,0.231,5
Roger Miller,R,75,200,0.0,0
Roger Repoz,L,75,190,0.22399999999999998,82
Roger Slagle,R,75,190,0.0,0
Roger Weaver,R,75,190,0.0,0
Ron Blomberg,L,73,195,0.293,52
Ron Brand,R,67,167,0.239,3
Ron Cey,R,70,185,0.261,316
Ron Clark,R,70,175,0.18899999999999997,5
Ron Davis,R,72,175,0.233,10
Ron Gardenhire,R,72,175,0.23199999999999998,4
Ron Hodges,L,73,185,0.24,19
Ron Hunt,R,72,186,0.273,39
Ron Jackson,R,72,200,0.259,56
Ron LeFlore,R,72,200,0.28800000000000003,59
Ron Musselman,R,74,185,0.0,0
Ron Oester,B,74,185,0.265,42
Ron Pruitt,R,72,185,0.26899999999999996,12
Ron Reed,R,78,215,0.158,0
Ron Roenicke,B,72,180,0.23800000000000002,17
Ron Romanick,R,76,195,0.0,0
Ron Santo,R,72,190,0.27699999999999997,342
Ron Stone,L,74,185,0.24100000000000002,6
Ron Swoboda,R,74,195,0.242,73
Ron Theobald,R,68,165,0.248,2
Ron Washington,R,71,155,0.261,20
Ron Woods,R,70,168,0.233,26
Rowland Office,L,72,170,0.259,32
Roy Branch,R,72,175,0.0,0
Roy Foster,R,72,185,0.253,45
Roy Howell,L,73,190,0.261,80
Roy Smalley,B,73,185,0.257,163
Roy White,B,70,160,0.271,160
Rudy Law,L,73,165,0.271,18
Rudy Meoli,L,69,165,0.212,2
Rufino Linares,R,72,170,0.27,11
Ruppert Jones,L,70,170,0.25,147
Russ Gibson,R,73,195,0.228,8
Rusty Staub,L,74,190,0.27899999999999997,292
Rusty Torres,B,70,175,0.212,35
Sal Bando,R,72,195,0.254,242
Sal Butera,R,72,190,0.22699999999999998,8
Sam Bowens,R,73,188,0.223,45
Sam Hinds,R,78,215,0.0,0
Sam McDowell,L,77,190,0.154,2
Sandy Alomar,B,69,140,0.245,13
Sandy Valdespino,L,68,170,0.23,7
Sandy Wihtol,R,73,195,0.0,0
Scot Thompson,L,75,195,0.262,5
Shawn Holman,R,74,185,0.0,0
Sherman Corbett,L,76,205,0.0,0
Sixto Lezcano,R,70,165,0.271,148
Skip Jutze,R,71,190,0.215,3
Sonny Jackson,L,69,150,0.251,7
Sonny Siebert,R,75,190,0.17300000000000001,12
Stan Papi,R,72,170,0.218,7
Stan Thomas,R,74,185,0.0,0
Stefan Wever,R,80,245,0.0,0
Steve Adkins,R,78,210,0.0,0
Steve Barber,L,72,195,0.115,5
Steve Barr,L,76,200,0.0,0
Steve Blass,R,72,165,0.172,1
Steve Braun,L,70,180,0.271,52
Steve Brown,R,77,200,0.0,0
Steve Brye,R,72,190,0.258,30
Steve Burke,B,74,200,0.0,0
Steve Carlton,L,76,210,0.201,13
Steve Cummings,B,74,200,0.0,0
Steve Curry,R,78,217,0.0,0
Steve Davis,L,73,195,0.0,0
Steve Dillard,R,73,180,0.243,13
Steve Eddy,R,74,185,0.0,0
Steve Ellsworth,R,80,220,0.0,0
Steve Garvey,R,70,192,0.294,272
Steve Henderson,R,74,190,0.28,68
Steve Hovley,L,70,188,0.258,8
Steve Huntz,B,73,204,0.20600000000000002,16
Steve Jeltz,B,71,180,0.21,5
Steve Kemp,L,72,195,0.278,130
Steve Lombardozzi,R,72,175,0.233,20
Steve Nicosia,R,70,185,0.248,11
Steve Ontiveros,B,72,185,0.27399999999999997,24
Steve Renko,R,77,230,0.215,6
Steve Rogers,R,74,175,0.138,0
Steve Senteney,R,74,205,0.0,0
Steve Swisher,R,74,205,0.21600000000000003,20
Steve Whitaker,L,72,180,0.23,24
Steve Yeager,R,72,190,0.228,102
Syd O'Brien,R,73,185,0.23,24
T.R. Bryden,R,76,190,0.0,0
Ted Cox,R,75,195,0.245,10
Ted Ford,R,70,180,0.21899999999999997,17
Ted Kubiak,B,72,175,0.231,13
Ted Martinez,R,72,165,0.24,7
Ted Savage,R,73,185,0.233,34
Ted Simmons,B,71,193,0.285,248
Ted Sizemore,R,70,165,0.262,23
Ted Uhlaender,L,74,190,0.263,36
Terry Crowley,L,72,180,0.25,42
Terry Felton,R,73,180,0.0,0
Terry Francona,L,73,190,0.27399999999999997,16
Terry Harmon,R,74,180,0.233,4
Terry Harper,R,76,195,0.253,36
Terry Humphrey,R,75,185,0.21100000000000002,6
Terry Taylor,R,73,180,0.0,0
Terry Whitfield,L,73,197,0.281,33
Terry Wilshusen,R,74,210,0.0,0
Thad Bosley,L,75,175,0.272,20
Thurman Munson,R,71,190,0.292,113
Tim Blackwell,B,71,170,0.228,6
Tim Corcoran,L,71,175,0.27,12
Tim Cullen,R,73,185,0.22,9
Tim Flannery,L,71,175,0.255,9
Tim Foli,R,72,179,0.251,25
Tim Harkness,L,74,182,0.235,14
Tim Johnson,L,73,170,0.223,0
Tim Laudner,R,75,212,0.225,77
Tito Fuentes,B,71,175,0.268,45
Tito Landrum,R,71,175,0.249,13
Toby Harrah,R,72,175,0.264,195
Todd Cruz,R,72,175,0.22,34
Todd Fischer,R,70,170,0.0,0
Tom Brookens,R,70,165,0.24600000000000002,71
Tom Brown,R,73,170,0.0,0
Tom Buskey,R,75,200,0.0,0
Tom Dozier,R,74,190,0.0,0
Tom Egan,R,76,218,0.2,22
Tom Gilles,R,73,185,0.0,0
Tom Grieve,R,74,190,0.249,65
Tom Haller,L,76,195,0.257,134
Tom Hutton,L,71,180,0.248,22
Tom Klawitter,R,74,190,0.0,0
Tom Lawless,R,71,170,0.207,2
Tom Makowski,R,71,185,0.0,0
Tom Matchick,L,73,173,0.215,4
Tom McCarthy,R,72,180,0.0,0
Tom Nieto,R,73,193,0.205,5
Tom O'Malley,L,72,180,0.256,13
Tom Paciorek,R,76,215,0.282,86
Tom Poquette,L,70,175,0.268,10
Tom Satriano,L,73,185,0.225,21
Tom Seaver,R,73,195,0.154,12
Tom Tresh,B,73,180,0.245,153
Tom Veryzer,R,73,175,0.24100000000000002,14
Tommie Aaron,R,75,190,0.22899999999999998,13
Tommie Agee,R,71,195,0.255,130
Tommie Reynolds,R,74,190,0.226,12
Tommy Dean,R,72,165,0.18,4
Tommy Harper,R,69,165,0.257,146
Tommy Helms,R,70,165,0.26899999999999996,34
Tommy John,R,75,180,0.157,5
Tommy McCraw,L,72,183,0.24600000000000002,75
Tony Armas,R,71,182,0.252,251
Tony Arnold,R,71,170,0.0,0
Tony Chevez,R,71,177,0.0,0
Tony Cloninger,R,72,210,0.192,11
Tony Conigliaro,R,75,185,0.264,166
Tony Ferreira,L,73,160,0.0,0
Tony Gonzalez,L,69,170,0.28600000000000003,103
Tony Horton,R,75,210,0.268,76
Tony Mack,R,70,177,0.0,0
Tony Muser,L,74,180,0.259,7
Tony Oliva,L,73,175,0.304,220
Tony Perez,R,74,175,0.27899999999999997,379
Tony Scott,B,72,164,0.249,17
Tony Solaita,L,72,210,0.255,50
Tucker Ashford,R,73,195,0.218,6
Ty Cline,L,72,170,0.23800000000000002,6
U L Washington,B,71,175,0.251,27
Vance Lovelace,L,77,205,0.0,0
Vern Fuller,R,73,170,0.23199999999999998,14
Vic Correll,R,70,185,0.22899999999999998,29
Vic Davalillo,L,67,150,0.27899999999999997,36
Vic Harris,B,71,165,0.217,13
Vida Blue,B,72,189,0.10400000000000001,4
Von Joshua,L,70,170,0.273,30
Wallace Johnson,B,72,173,0.255,5
Walt Bond,L,79,228,0.256,41
Walt Williams,R,66,165,0.27,33
Wayne Comer,R,70,175,0.22899999999999998,16
Wayne Garrett,L,71,175,0.239,61
Wayne Gross,L,74,210,0.233,121
Wayne Krenchicki,L,73,180,0.266,15
Wayne Nordhagen,R,74,205,0.282,39
Wayne Tolleson,B,69,160,0.24100000000000002,9
Wes Parker,B,73,180,0.267,64
Wilbur Howard,B,74,170,0.25,6
Willie Aikens,L,75,220,0.271,110
Willie Crawford,L,73,197,0.268,86
Willie Davis,L,74,180,0.27899999999999997,182
Willie Horton,R,71,209,0.273,325
Willie Montanez,L,72,170,0.275,139
Willie Mueller,R,76,220,0.0,0
Willie Norwood,R,72,185,0.242,18
Willie Smith,L,72,182,0.248,46
Willie Stargell,L,74,188,0.282,475
Willie Upshaw,L,72,185,0.262,123
Win Remmerswaal,R,74,160,0.0,0
Winston Llenas,R,70,165,0.23,3
Woodie Fryman,R,75,197,0.138,2
Woody Woodward,R,74,180,0.23600000000000002,1
Zach Crouch,L,75,180,0.0,0
